33,MW726-8360BDY
6,MW726-8360TQ
40,MW955G-8317TN
4,MW955G-8317PT
6,TR103-181TN
79,TR104P-8370BR
56,TR104P-8370BK
4,TR104P-8370CF
220,US04-8362RD
179,US04-8362NY
17,MW843G-8317NY
57,MW728-8262BR
21,MW728-8262BDY
34,MW728-8262BK-GY
28,RLC-L113CF
38,RLC-L113BK
100,TR108-8275TN
113,TR108-8275BK
76,RLC-L092CF
54,RLC-L092BR
56,RLC-L092BG
28,LEA08-503 CF
37,MW747-8262CF
33,MW747-8262BR
7,MW746-8360CF
10,MW891-8317RD
23,LEA-6028 CF
7,LEA-6028 BK
16,LEA-6028 BR
38,TR71-8360TQ
19,MW822G-918SL
16,MW899-9110BK
2,MW946G-8085TQ
2,MW946G-8085CF
176,MWL-G016BK
191,MWL-G016CF
99,MWL-G016BR
14,ABS-G025BG
5,MW864G-8317BR
3,MW864G-8317BK
44,MW841G-918BR
43,MW841G-918BK
61,MW845-8567BK
38,MW845-8567CF
27,MW845-8567PP
45,MW665-8360BU
14,TR90-8360BK
3,TR90-8360BR
85,RLC-L118BK
85,RLC-L118BR
76,RLC-L118CF
41,MW521-9220 BG
54,MW781-121BK
35,MW849G-918PK
4,MW849G-918BR
8,MW849G-918TN
24,MW515-8281 BR
28,MW515-8281 TQ
21,MW515-8281 BK
55,TR72-8250BK
23,MW894-9110BR
392,MW906-192BR
100,MW906-192MUTI
149,MW906-192CF
1,MW906-192CF-MUTI
1,MW906-192CF-CF
28,MW878G-8559BK
10,MW878G-8559CF
69,MWL-G021BK
82,MWL-G021BK
247,MWL-G021CF
57,RLL-001NY
203,RLL-001TN
25,RLL-001GY
29,RLL-001BR
96,RLL-016TN
42,RLL-016BK
204,RLL-016GY
9,TR45G-8281 TN
2,TR45G-8281 BG
4,LEA-6031BR
10,LEA-6031BK
30,MW378-8287 BR
24,MW378-8287 BK
3,MW378-8287 CF
6,MW579P-8566 BK
12,MW579P-8566 BZ
3,MW579P-8566 CF
43,MW887-8262GY
46,MW887-8262TQ
47,MW887-8262RD
71,MW995G-8461PP
66,MW995G-8461BR
65,MW995G-8461BK
65,MW995G-8461CF
9,MW911-183LP
12,MW911-183BR
43,RLC-L139BK
11,RLC-L139BR
28,RLC-L139CF
6481,MWL-019BK-WT
473,MWL-019PK
393,MWL-019BL
466,MWL-019LP
391,MWL-019BK
20,TPP03-9317 OW
69,TPP03-9317 TQ
16,MW810-118TN
119,TR31G-116 BK
122,TR31G-116 BR
160,TR31G-116 CF
46,MW743G-8317BG
10,MW743G-8317BR
34,MW743G-8317RD
63,RLL-013CF
49,TR114G-9360RD
37,US04-187RD
12,MW952G-8575TN
153,MW392-8287 CF
125,MW392-8287 BK
176,MW392-8287 BR
15,TR96G-8317BR
1,TR96G-8317CF
25,MW746-9110CF
2,MW746-9110BR
28,MW763-9110BK
30,MW763-9110PP
96,MW896-101CF-CF
178,MW896-101CF-BR
61,TPP03-9321 OW
47,TPP03-9321 TQ
42,MW859-8360BR
22,MW859-8360BK
7,MW859-8360CF
12,MW708-8360CF
2,MW708-8360BK
249,RLL-007CF
107,RLL-007NY
53,RLL-007BG
162,RLL-007BR
76,RLL-007GY
73,RLL-007BK
2,MW920G-8085TN
1,MW920G-8085PK-PK
63,RLC-L140CF
27,RLC-L140BR
87,RLC-L140BK
52,TR92-8240BR
34,TR92-8240BK
51,RLC-L080 PK
68,MW995G-8317BK
55,MW995G-8317CF
54,MW995G-8317BR
67,MW995G-8317PP
99,TR114G-8317RD
107,MWL-G002BK
17,MWL-G002MSTD
30,TPP03-9319 OW
36,TPP03-9319 TQ
