24,MW885-W010BK
50,MW885-W010BR
32,MW892-W010RD
2,MW892-W010PP
118,MW987-W010BDY
15,MW987-W010BR
31,TR98-W010CF
50,TR98-W010BR
3,TR98-W010BK
40,MW864-W010BK
30,MW864-W010BR
5,MW864-W010CF
45,TR119-W010CF
49,TR119-W010BR
100,MW995-W010PP
87,MW995-W010BK
75,MW995-W010CF
74,MW995-W010BR
120,MW897-W018BK
223,MW897-W018KAKI
241,MW897-W018RD
227,MW897-W018CF
233,MW897-W018TQ
102,TR104-W010BK
138,TR104-W010BR
86,TR104-W010CF
12,TR103-8361BK
12,TR103-8361TN
14,MW946-W010BR
2,MW946-W010CF
47,MW901-181BK
105,MW901-181BR
73,MW901-181CF
24,MW962-181TN
3,MW962-181TQ
9,MW911-183LP
12,MW911-183BR
103,MW889-W010CF
282,TPP03-W010 OW
329,TPP03-W010 TQ
736,US04-W003RD
795,US04-W003NY
63,TR103-W010BK
5,TR103-W010TN
3,TR103-W010TQ
9,MW948-W010TN
62,MW987-181BDY
21,MW914-W018GY
32,MW810-W021BK
46,MW810-W021BR
48,MW810-W021TN
38,MW810-W021PK
26,TR92-W010BR
7,MW961-W010CF
20,MW917-190TN
85,MW494-W002BK-WT
136,MW494-W002BK-MUTI
58,MW952-181TN
36,MW942-W010TN
53,MW866-W010GN
63,TR114-W010RD
144,TR114-W010TQ
144,TR114-W010BR
144,TR114-W010BK
53,MW887-W010GY
60,MW887-W010RD
65,MW887-W010TQ
60,MW849-W010PK
10,MW849-W010TN
19,MW905-181BK
14,MW905-181CF
9,MW905-181PT
52,TR96-W010CF
18,TR96-W010BR
6,TR96-W010BK
65,TR106-W010BR
2,MW906-190BK
9,MW906-190CF
45,MW906-190LP
117,MW952-W018BK
37,MW952-W018BR
59,MW952-W018TN
